Source URL,Destination (path on speedprojectslab.com),Status,Notes
https://speedprojectslab.com/,/,200,Rebuilt as selling homepage (was splash/chooser)
https://speedprojectslab.com/our-products/,/brands/,301,Merge into brands index
https://speedprojectslab.com/dte-chip-tuning/,/performance/ecu-tuning/dte-chip-tuning/,301,
https://speedprojectslab.com/pro-tuning-freaks-vancouver/,/performance/ecu-tuning/pro-tuning-freaks/,301,
https://speedprojectslab.com/my-account/,/shop/account/,301,PENDING e-commerce decision
https://speedprojectslab.com/shop/,/shop/,200,Path RETAINED — no redirect needed; other domains 301 into it. PENDING e-commerce decision
https://speedprojectslab.com/cart/,/shop/cart/,301,PENDING e-commerce decision
https://speedprojectslab.com/checkout/,/shop/checkout/,301,PENDING e-commerce decision
https://speedprojectslab.com/terms-conditions/,/terms/,301,Canonical of 3 duplicates
https://speedprojectslab.com/sliplo-universal-skid-plate-install-video/,/paint-protection/sliplo/,301,Video embedded on parent page
https://speedprojectslab.com/coding-programming/,/performance/bmw-coding/,301,
https://speedprojectslab.com/ecu-tuning-group/,/performance/ecu-tuning/etg/,301,
https://speedprojectslab.com/tuning-coding/,/performance/ecu-tuning/,301,Canonical of 3 duplicates
https://speedprojectslab.com/reviews/,/reviews/,200,Path RETAINED — no redirect needed; other domains 301 into it. Canonical of 3 duplicates
https://speedprojectslab.com/financing/,/financing/,200,Path RETAINED — no redirect needed; other domains 301 into it. Canonical of 4 duplicates
https://speedprojectslab.com/book-now/,/book/,301,Canonical of 3 duplicates
https://speedprojectslab.com/portfolio/,/work/,301,Canonical of 2 duplicates
https://speedprojectslab.com/ceramicpro/,/paint-protection/ceramic-coating/ceramic-pro/,301,Canonical of 2 duplicates
https://speedprojectslab.com/exoshield-windshield-protection/,/paint-protection/windshield-protection/exoshield/,301,
https://speedprojectslab.com/sliplo/,/paint-protection/sliplo/,301,Canonical of 2 duplicates
https://speedprojectslab.com/brands/,/brands/,200,Path RETAINED — no redirect needed; other domains 301 into it. Canonical of 2 duplicates
https://speedprojectslab.com/site-map/,/sitemap/,301,Canonical of 3 duplicates
https://speedprojectslab.com/xpel-vision-window-film/,/paint-protection/window-tint/xpel-vision/,301,Canonical of 2 duplicates
https://speedprojectslab.com/stek-dynoflex-windshield-protection-film/,/paint-protection/windshield-protection/stek-dynoflex/,301,Canonical of 2 duplicates
https://speedprojectslab.com/home-page/,/,301,Orphan duplicate homepage - remove
https://speedprojectslab.com/thank-you/,/thank-you/,200,Path RETAINED — no redirect needed; other domains 301 into it. Canonical of 3 duplicates
https://speedprojectslab.com/careers/,/careers/,200,Path RETAINED — no redirect needed; other domains 301 into it. Canonical of 2 duplicates
https://speedprojectslab.com/contact-us/,/contact/,301,Canonical of 3 duplicates
https://speedprojectslab.com/xpel-ultimate-paint-protection-film/,/paint-protection/ppf/,301,
https://speedprojectslab.com/revivifycoatings/,/paint-protection/ceramic-coating/revivify/,301,Canonical of 2 duplicates
https://speedprojectslab.com/xpel-ultimate-plus-black-ppf/,/paint-protection/ppf/stealth-matte/,301,Canonical of 2 duplicates
https://speedprojectslab.com/rivian-xpel-paint-protection-film/,/paint-protection/ppf/rivian/,301,Canonical of 2 duplicates
https://speedprojectslab.com/tesla-paint-protection/,/paint-protection/ppf/tesla/,301,
https://speedprojectslab.com/xpel-fusion-plus-ceramic-coating/,/paint-protection/ceramic-coating/xpel-fusion-plus/,301,Canonical of 2 duplicates
https://speedprojectslab.com/window-nano-coating/,/paint-protection/window-tint/nano-coating/,301,Canonical of 2 duplicates
https://speedprojectslab.com/xpel-automotive-window-tint/,/paint-protection/window-tint/xpel-prime-xr/,301,Canonical of 2 duplicates
https://speedprojectslab.com/about-us/,/about/,301,Canonical of 4 duplicates
https://speedprojectslab.com/paint-protection-and-tuning/,/,301,Legacy combined page
https://speedprojectslab.com/blog/,/blog/,200,Path RETAINED — no redirect needed; other domains 301 into it. PENDING blog decision - zero posts exist
https://speedprojectslab.com/project-details/2019-model-3-ceramicpro-ceramic-coating/,/work/2019-model-3-ceramicpro-ceramic-coating/,301,Slug preserved
https://speedprojectslab.com/project-details/chevrolet-camaro-zl1-1le-sliplo-under-bumper-protection/,/work/chevrolet-camaro-zl1-1le-sliplo-under-bumper-protection/,301,Slug preserved
https://speedprojectslab.com/project-details/maserati-levante-ecu-tuning/,/work/maserati-levante-ecu-tuning/,301,Slug preserved
https://speedprojectslab.com/project-details/audi-s5-xpel-ultimate-plus-ppf-ceramicpro-ceramic-coating/,/work/audi-s5-xpel-ultimate-plus-ppf-ceramicpro-ceramic-coating/,301,Slug preserved
https://speedprojectslab.com/project-details/range-rover-sport-iroad-q9-front-and-rear-dashcam-install/,/work/range-rover-sport-iroad-q9-front-and-rear-dashcam-install/,301,Slug preserved
https://speedprojectslab.com/project-details/range-rover-sport-iroad-q9-front-and-rear-dashcam-install-2/,/work/range-rover-sport-iroad-q9-front-and-rear-dashcam-install-2/,301,Slug preserved
https://speedprojectslab.com/project-details/bmw-530i-ceramicpro-ceramic-coating-silver-package/,/work/bmw-530i-ceramicpro-ceramic-coating-silver-package/,301,Slug preserved
https://speedprojectslab.com/project-details/audi-rs3-ceramicpro-ceramic-coating-gold-package/,/work/audi-rs3-ceramicpro-ceramic-coating-gold-package/,301,Slug preserved
https://speedprojectslab.com/project-details/nissan-gtr-2017-mid-pipe-install/,/work/nissan-gtr-2017-mid-pipe-install/,301,Slug preserved
https://speedprojectslab.com/project-details/honda-s2000-xpel-ultimate-plus-mugen-bumper/,/work/honda-s2000-xpel-ultimate-plus-mugen-bumper/,301,Slug preserved
https://speedprojectslab.com/project-details/honda-civic-type-r-ceramicpro-ceramic-coating-bronze-package/,/work/honda-civic-type-r-ceramicpro-ceramic-coating-bronze-package/,301,Slug preserved
https://speedprojectslab.com/project-details/audi-r8-2011-xpel-ultimate-plus-ppf/,/work/audi-r8-2011-xpel-ultimate-plus-ppf/,301,Slug preserved
https://speedprojectslab.com/project-details/lamborghini-aventador-sv-ecu-tuning/,/work/lamborghini-aventador-sv-ecu-tuning/,301,Slug preserved
https://speedprojectslab.com/project-details/fiat-500-abarth-2016-xpel-ultimate-plus-ppf/,/work/fiat-500-abarth-2016-xpel-ultimate-plus-ppf/,301,Slug preserved
https://speedprojectslab.com/project-details/porsche-carrera-997-c2s-2007-ecu-tuning/,/work/porsche-carrera-997-c2s-2007-ecu-tuning/,301,Slug preserved
https://speedprojectslab.com/project-details/mitsubishi-evo-x-turbo-back-exhaust-install/,/work/mitsubishi-evo-x-turbo-back-exhaust-install/,301,Slug preserved
https://speedprojectslab.com/project-details/mercedes-benz-c43-amg-2017-ecu-tuning/,/work/mercedes-benz-c43-amg-2017-ecu-tuning/,301,Slug preserved
https://speedprojectslab.com/project-details/porsche-carrera-991-ecu-tuning/,/work/porsche-carrera-991-ecu-tuning/,301,Slug preserved
https://speedprojectslab.com/project-details/porsche-macan-2015-ecu-tuning-iroad-v9-front-and-rear-dashcam-install/,/work/porsche-macan-2015-ecu-tuning-iroad-v9-front-and-rear-dashcam-install/,301,Slug preserved
https://speedprojectslab.com/project-details/lexus-is300-blackvue-dr750s-2-front-and-rear-dashcam-install/,/work/lexus-is300-blackvue-dr750s-2-front-and-rear-dashcam-install/,301,Slug preserved
https://speedprojectslab.com/project-details/nissan-gtr-thinkware-f800-front-and-rear-dashcam-install/,/work/nissan-gtr-thinkware-f800-front-and-rear-dashcam-install/,301,Slug preserved
https://speedprojectslab.com/project-details/porsche-carrera-t-991-2-ecu-tuning/,/work/porsche-carrera-t-991-2-ecu-tuning/,301,Slug preserved
https://speedprojectslab.com/project-details/bmw-m2-competition-steering-wheel-upgrade/,/work/bmw-m2-competition-steering-wheel-upgrade/,301,Slug preserved
https://speedprojectslab.com/project-details/tesla-model-3-xpel-ultimate-plus-ppf-package-b-and-luggage-option/,/work/tesla-model-3-xpel-ultimate-plus-ppf-package-b-and-luggage-option/,301,Slug preserved
https://speedprojectslab.com/project-details/audi-a5-2018-ecu-tuning/,/work/audi-a5-2018-ecu-tuning/,301,Slug preserved
https://speedprojectslab.com/project-details/bmw-x3-m40i-iroad-x9-front-dashcam-install/,/work/bmw-x3-m40i-iroad-x9-front-dashcam-install/,301,Slug preserved
https://speedprojectslab.com/project-details/golf-r-2018-xpel-ultimate-plus-ppf-full-car/,/work/golf-r-2018-xpel-ultimate-plus-ppf-full-car/,301,Slug preserved
https://speedprojectslab.com/project-details/bmw-335i-iroad-x9-front-and-rear-dashcam-install/,/work/bmw-335i-iroad-x9-front-and-rear-dashcam-install/,301,Slug preserved
https://speedprojectslab.com/project-details/jaguar-f-type-r-ecu-tuning/,/work/jaguar-f-type-r-ecu-tuning/,301,Slug preserved
https://speedprojectslab.com/project-details/porsche-cayman-s-2018-xpel-ultimate-plus-ppf/,/work/porsche-cayman-s-2018-xpel-ultimate-plus-ppf/,301,Slug preserved
https://speedprojectslab.com/project-details/mini-cooper-jcw-ecu-tuning/,/work/mini-cooper-jcw-ecu-tuning/,301,Slug preserved
https://speedprojectslab.com/project-details/mercedes-benz-g63-amg-2015-ecu-tuning/,/work/mercedes-benz-g63-amg-2015-ecu-tuning/,301,Slug preserved
https://speedprojectslab.com/project-details/audi-rs5-2013-ecu-tuning/,/work/audi-rs5-2013-ecu-tuning/,301,Slug preserved
https://speedprojectslab.com/project-details/bmw-335i-ecu-tuning/,/work/bmw-335i-ecu-tuning/,301,Slug preserved
https://speedprojectslab.com/project-details/ford-mustang-2017-xpel-ultimate-plus-ppf/,/work/ford-mustang-2017-xpel-ultimate-plus-ppf/,301,Slug preserved
https://speedprojectslab.com/project-details/lamborghini-huracan-performante-xpel-ultimate-plus-ppf/,/work/lamborghini-huracan-performante-xpel-ultimate-plus-ppf/,301,Slug preserved
https://speedprojectslab.com/project-details/tesla-model-3-2018-ceramicpro-ceramic-coating-sport-package/,/work/tesla-model-3-2018-ceramicpro-ceramic-coating-sport-package/,301,Slug preserved
https://speedprojectslab.com/project-details/nissan-gtr-ecu-tuning/,/work/nissan-gtr-ecu-tuning/,301,Slug preserved
https://speedprojectslab.com/project-details/honda-chr-cermicpro-ceramic-coating-gold-package/,/work/honda-chr-cermicpro-ceramic-coating-gold-package/,301,Slug preserved
https://speedprojectslab.com/project-details/bmw-m4-2015-ecu-tuning/,/work/bmw-m4-2015-ecu-tuning/,301,Slug preserved
https://speedprojectslab.com/project-details/bmw-x1-2017-iroad-v9-front-and-rear-dashcam-install-xpel-ultimate-plus-ppf-luggage-option/,/work/bmw-x1-2017-iroad-v9-front-and-rear-dashcam-install-xpel-ultimate-plus-ppf-luggage-option/,301,Slug preserved
https://speedprojectslab.com/project-details/porsche-cayman-718-gts-xpel-ultimate-plus-ppf-ceramicpro-ceramic-coating/,/work/porsche-cayman-718-gts-xpel-ultimate-plus-ppf-ceramicpro-ceramic-coating/,301,Slug preserved
https://speedprojectslab.com/project-details/honda-civic-hatchback-sport-xpel-ultimate-plus-ppf-package-c/,/work/honda-civic-hatchback-sport-xpel-ultimate-plus-ppf-package-c/,301,Slug preserved
https://speedprojectslab.com/project-details/mercedes-benz-glc300-iroad-v9s2-front-and-rear-dashcam-install/,/work/mercedes-benz-glc300-iroad-v9s2-front-and-rear-dashcam-install/,301,Slug preserved
https://speedprojectslab.com/project-details/porsche-cayman-gts-xpel-ultimate-plus-ppf-package-c/,/work/porsche-cayman-gts-xpel-ultimate-plus-ppf-package-c/,301,Slug preserved
https://speedprojectslab.com/project-details/telsa-model-x-p100d-2017-xpel-ultimate-plus-ppf-full-car/,/work/telsa-model-x-p100d-2017-xpel-ultimate-plus-ppf-full-car/,301,Slug preserved
https://speedprojectslab.com/project-details/volvo-xc90-t6-inscription-xpel-ultimate-plus-ppf-full-car/,/work/volvo-xc90-t6-inscription-xpel-ultimate-plus-ppf-full-car/,301,Slug preserved
https://speedprojectslab.com/project-details/lexus-gs350-2016-xpel-ultimate-plus-ppf-package-c-with-luggage-option/,/work/lexus-gs350-2016-xpel-ultimate-plus-ppf-package-c-with-luggage-option/,301,Slug preserved
https://speedprojectslab.com/project-details/porsche-cayenne-gts-2013-ecu-tuning/,/work/porsche-cayenne-gts-2013-ecu-tuning/,301,Slug preserved
https://speedprojectslab.com/project-details/audi-a7-2016-ecu-tuning/,/work/audi-a7-2016-ecu-tuning/,301,Slug preserved
https://speedprojectslab.com/project-details/audi-a5-2019-iroad-x5-dashcam-install-xpel-ultimate-plus-ppf-luggage-option/,/work/audi-a5-2019-iroad-x5-dashcam-install-xpel-ultimate-plus-ppf-luggage-option/,301,Slug preserved
https://speedprojectslab.com/project-details/bmw-135i-ecu-tuning-downpipe-install/,/work/bmw-135i-ecu-tuning-downpipe-install/,301,Slug preserved
https://speedprojectslab.com/project-details/audi-s5-2011-pedal-box-install/,/work/audi-s5-2011-pedal-box-install/,301,Slug preserved
https://speedprojectslab.com/project-details/audi-rs7-2015-2017-ecu-tuning/,/work/audi-rs7-2015-2017-ecu-tuning/,301,Slug preserved
https://speedprojectslab.com/project-details/audi-a5-sportback-2019-xpel-ultimate-plus-ppf-package-c-with-roof-and-trunk-lid-options/,/work/audi-a5-sportback-2019-xpel-ultimate-plus-ppf-package-c-with-roof-and-trunk-lid-options/,301,Slug preserved
https://speedprojectslab.com/project-details/bmw-330ci-2004-ecu-tuning/,/work/bmw-330ci-2004-ecu-tuning/,301,Slug preserved
https://speedprojectslab.com/project-details/ford-focus-rs-xpel-ultimate-plus-ppf-ceramicpro-ceramic-coating/,/work/ford-focus-rs-xpel-ultimate-plus-ppf-ceramicpro-ceramic-coating/,301,Slug preserved
https://speedprojectslab.com/project-details/corvette-zr1-2010-ecu-tuning/,/work/corvette-zr1-2010-ecu-tuning/,301,Slug preserved
https://speedprojectslab.com/project-details/lexus-is350-2013-lip-install/,/work/lexus-is350-2013-lip-install/,301,Slug preserved
https://speedprojectslab.com/project-details/mercedes-benz-gl63-ecu-tuning/,/work/mercedes-benz-gl63-ecu-tuning/,301,Slug preserved
https://speedprojectslab.com/project-details/mercedes-benz-sl55-2004-ecu-tuning/,/work/mercedes-benz-sl55-2004-ecu-tuning/,301,Slug preserved
https://speedprojectslab.com/project-details/mini-cooper-jcw-ecu-tuning-2/,/work/mini-cooper-jcw-ecu-tuning-2/,301,Slug preserved
https://speedprojectslab.com/project-details/porsche-991-ecu-tuning-stage-2/,/work/porsche-991-ecu-tuning-stage-2/,301,Slug preserved
https://speedprojectslab.com/project-details/range-rover-velar-2019-xpel-ultimate-plus-ppf-hood-and-front-bumper/,/work/range-rover-velar-2019-xpel-ultimate-plus-ppf-hood-and-front-bumper/,301,Slug preserved
https://speedprojectslab.com/project-details/tesla-model-3-xpel-ultimate-plus-ppf-package-b/,/work/tesla-model-3-xpel-ultimate-plus-ppf-package-b/,301,Slug preserved
https://speedprojectslab.com/project-details/mini-countryman-all4-s-xpel-ultimate-plus-ppf-hood-and-luggage-option/,/work/mini-countryman-all4-s-xpel-ultimate-plus-ppf-hood-and-luggage-option/,301,Slug preserved
https://speedprojectslab.com/project-details/mercedes-benz-s63-2014-ecu-tuning/,/work/mercedes-benz-s63-2014-ecu-tuning/,301,Slug preserved
https://speedprojectslab.com/project-details/honda-civic-type-r-ecu-tuning/,/work/honda-civic-type-r-ecu-tuning/,301,Slug preserved
https://speedprojectslab.com/project-details/bmw-m4-gts-ecu-tuning/,/work/bmw-m4-gts-ecu-tuning/,301,Slug preserved
https://speedprojectslab.com/project-details/audi-s5-ecu-tuning/,/work/audi-s5-ecu-tuning/,301,Slug preserved
https://speedprojectslab.com/project-details/audi-r8-v10-2017-ecu-tuning/,/work/audi-r8-v10-2017-ecu-tuning/,301,Slug preserved
https://speedprojectslab.com/project-details/audi-s6-2017-ecu-tuning/,/work/audi-s6-2017-ecu-tuning/,301,Slug preserved
https://speedprojectslab.com/project-details/mercedes-benz-c43-amg-2017-ecu-tuning-2/,/work/mercedes-benz-c43-amg-2017-ecu-tuning-2/,301,Slug preserved
https://speedprojectslab.com/project-details/mercedes-benz-clk500-2002-ecu-tuning/,/work/mercedes-benz-clk500-2002-ecu-tuning/,301,Slug preserved
https://speedprojectslab.com/project-details/porsche-991-2-ecu-tuning/,/work/porsche-991-2-ecu-tuning/,301,Slug preserved
https://speedprojectslab.com/project-details/bmw-x3-m40i-iroad-x9-front-dashcam-install-2/,/work/bmw-x3-m40i-iroad-x9-front-dashcam-install-2/,301,Slug preserved
https://speedprojectslab.com/project-details/bmw-x1-ecu-tuning/,/work/bmw-x1-ecu-tuning/,301,Slug preserved
https://speedprojectslab.com/project-details/bmw-m5-f10-downpipe-install/,/work/bmw-m5-f10-downpipe-install/,301,Slug preserved
https://speedprojectslab.com/project-details/bmw-m4-2015-ecu-tuning-2/,/work/bmw-m4-2015-ecu-tuning-2/,301,Slug preserved
https://speedprojectslab.com/project-details/audi-r8-cf-rear-bumper-ceramicpro-ceramic-coating/,/work/audi-r8-cf-rear-bumper-ceramicpro-ceramic-coating/,301,Slug preserved
https://speedprojectslab.com/project-details/bmw-335i-charge-pipe-install/,/work/bmw-335i-charge-pipe-install/,301,Slug preserved
https://speedprojectslab.com/project-details/bmw-335i-ecu-tuning-stage-2/,/work/bmw-335i-ecu-tuning-stage-2/,301,Slug preserved
https://speedprojectslab.com/project-details/bmw-340i-iroad-x9-front-and-rear-dashcam-install/,/work/bmw-340i-iroad-x9-front-and-rear-dashcam-install/,301,Slug preserved
https://speedprojectslab.com/project-details/bmw-530i-ceramicpro-cermamic-coating-bronze-package/,/work/bmw-530i-ceramicpro-cermamic-coating-bronze-package/,301,Slug preserved
https://speedprojectslab.com/project-details/bmw-m5-2018-ecu-tuning/,/work/bmw-m5-2018-ecu-tuning/,301,Slug preserved
https://speedprojectslab.com/project-details/gmc-yukon-denali-xpel-ultimate-plus-ppf-hood-and-front-bumper/,/work/gmc-yukon-denali-xpel-ultimate-plus-ppf-hood-and-front-bumper/,301,Slug preserved
https://speedprojectslab.com/project-details/lexus-is250-2009-xpel-ultimate-plus-ppf-headlights-films-smoked/,/work/lexus-is250-2009-xpel-ultimate-plus-ppf-headlights-films-smoked/,301,Slug preserved
https://speedprojectslab.com/project-details/lexus-is350-f-sport-awd-ecu-tuning/,/work/lexus-is350-f-sport-awd-ecu-tuning/,301,Slug preserved
https://speedprojectslab.com/project-details/lexus-rx350-2018-xpel-ultimate-plus-ppf-front-bumper-ceramicpro-ceramic-coating-gold-package/,/work/lexus-rx350-2018-xpel-ultimate-plus-ppf-front-bumper-ceramicpro-ceramic-coating-gold-package/,301,Slug preserved
https://speedprojectslab.com/project-details/mazda-3-thinkware-f800-front-and-rear-dashcam-install/,/work/mazda-3-thinkware-f800-front-and-rear-dashcam-install/,301,Slug preserved
https://speedprojectslab.com/project-details/mercedes-sprinter-ecu-tuning/,/work/mercedes-sprinter-ecu-tuning/,301,Slug preserved
https://speedprojectslab.com/project-details/nissan-pathfinder-xpel-ultimate-plus-ppf-luggage-option/,/work/nissan-pathfinder-xpel-ultimate-plus-ppf-luggage-option/,301,Slug preserved
https://speedprojectslab.com/project-details/alfa-romeo-giulia-quadrifoglio-ecu-tuning/,/work/alfa-romeo-giulia-quadrifoglio-ecu-tuning/,301,Slug preserved
https://speedprojectslab.com/project-details/bmw-340i-2016-ecu-tuning/,/work/bmw-340i-2016-ecu-tuning/,301,Slug preserved
https://speedprojectslab.com/project-details/chevy-camaro-blackvue-dr750s-2ch-front-and-rear-dashcam-install/,/work/chevy-camaro-blackvue-dr750s-2ch-front-and-rear-dashcam-install/,301,Slug preserved
https://speedprojectslab.com/project-details/harley-street-750-ceramicpro-ceramic-coating/,/work/harley-street-750-ceramicpro-ceramic-coating/,301,Slug preserved
https://speedprojectslab.com/project-details/honda-odyssey-xpel-ultimate-plus-ppf-package-c/,/work/honda-odyssey-xpel-ultimate-plus-ppf-package-c/,301,Slug preserved
https://speedprojectslab.com/project-details/honda-crv-xpel-ultimate-plus-ppf-package-c-with-quarter-panels-and-doors-options/,/work/honda-crv-xpel-ultimate-plus-ppf-package-c-with-quarter-panels-and-doors-options/,301,Slug preserved
https://speedprojectslab.com/project-details/lexus-is350-ecu-tuning/,/work/lexus-is350-ecu-tuning/,301,Slug preserved
https://speedprojectslab.com/project-details/audi-rs4-2001-ecu-tuning/,/work/audi-rs4-2001-ecu-tuning/,301,Slug preserved
https://speedprojectslab.com/project-details/audi-rs7-ecu-tuning/,/work/audi-rs7-ecu-tuning/,301,Slug preserved
https://speedprojectslab.com/project-details/audi-s3-2017-ecu-tuning/,/work/audi-s3-2017-ecu-tuning/,301,Slug preserved
https://speedprojectslab.com/project-details/bmw-335i-e92-st-suspension-install/,/work/bmw-335i-e92-st-suspension-install/,301,Slug preserved
https://speedprojectslab.com/project-details/bmw-430i-2019-ecu-tuning/,/work/bmw-430i-2019-ecu-tuning/,301,Slug preserved
https://speedprojectslab.com/project-details/bmw-540i-1998-ecu-tuning/,/work/bmw-540i-1998-ecu-tuning/,301,Slug preserved
https://speedprojectslab.com/project-details/bmw-650i-2006-ecu-tuning/,/work/bmw-650i-2006-ecu-tuning/,301,Slug preserved
https://speedprojectslab.com/project-details/bmw-m2-ecu-tuning/,/work/bmw-m2-ecu-tuning/,301,Slug preserved
https://speedprojectslab.com/project-details/bmw-m2-front-carbon-lip-install/,/work/bmw-m2-front-carbon-lip-install/,301,Slug preserved
https://speedprojectslab.com/project-details/ducati-panigale-2017-xpel-ultimate-plus-ppf/,/work/ducati-panigale-2017-xpel-ultimate-plus-ppf/,301,Slug preserved
https://speedprojectslab.com/project-details/hino-trucks-blackvue-dashcam-install/,/work/hino-trucks-blackvue-dashcam-install/,301,Slug preserved
https://speedprojectslab.com/project-details/honda-civic-sport-xpel-ultimate-plus-ppf-hood-bumper/,/work/honda-civic-sport-xpel-ultimate-plus-ppf-hood-bumper/,301,Slug preserved
https://speedprojectslab.com/project-details/honda-odyssey-xpel-ultimate-plus-ppf-package-c-2/,/work/honda-odyssey-xpel-ultimate-plus-ppf-package-c-2/,301,Slug preserved
https://speedprojectslab.com/project-details/ford-raptor-blackvue-front-and-rear-dashcam-install/,/work/ford-raptor-blackvue-front-and-rear-dashcam-install/,301,Slug preserved
https://speedprojectslab.com/project-details/lexus-gs350-hr-spacer-20mm-15mm-install/,/work/lexus-gs350-hr-spacer-20mm-15mm-install/,301,Slug preserved
https://speedprojectslab.com/project-details/mazda-3-iroad-v9-front-and-rear-dashcam-install/,/work/mazda-3-iroad-v9-front-and-rear-dashcam-install/,301,Slug preserved
https://speedprojectslab.com/project-details/mercedes-benz-c63s-2016-ecu-tuning/,/work/mercedes-benz-c63s-2016-ecu-tuning/,301,Slug preserved
https://speedprojectslab.com/project-details/mercedes-benz-e350-ecu-tuning/,/work/mercedes-benz-e350-ecu-tuning/,301,Slug preserved
https://speedprojectslab.com/project-details/mercedes-benz-gl350-ecu-tuning/,/work/mercedes-benz-gl350-ecu-tuning/,301,Slug preserved
https://speedprojectslab.com/project-details/mercedes-benz-s550-ecu-tuning/,/work/mercedes-benz-s550-ecu-tuning/,301,Slug preserved
https://speedprojectslab.com/project-details/acura-rdx-blackvue-front-and-rear-dashcam-install/,/work/acura-rdx-blackvue-front-and-rear-dashcam-install/,301,Slug preserved
https://speedprojectslab.com/project-details/acura-tlx-iroad-a4-dashcam-install/,/work/acura-tlx-iroad-a4-dashcam-install/,301,Slug preserved
https://speedprojectslab.com/project-details/acura-tlx-xpel-ultimate-plus-ppf-front-bumper-claim/,/work/acura-tlx-xpel-ultimate-plus-ppf-front-bumper-claim/,301,Slug preserved
https://speedprojectslab.com/project-details/agusta-mv-brutale-ceramicpro-ceramic-coating-silver-package/,/work/agusta-mv-brutale-ceramicpro-ceramic-coating-silver-package/,301,Slug preserved
https://speedprojectslab.com/project-details/audi-a3-2017-xpel-ultimate-plus-ppf-front-bumper/,/work/audi-a3-2017-xpel-ultimate-plus-ppf-front-bumper/,301,Slug preserved
https://speedprojectslab.com/project-details/audi-r8-v10-ecu-tuning/,/work/audi-r8-v10-ecu-tuning/,301,Slug preserved
https://speedprojectslab.com/project-details/bmw-335i-2014-front-lip-install-xpel-ultimate-plus-ppf-luggage-option/,/work/bmw-335i-2014-front-lip-install-xpel-ultimate-plus-ppf-luggage-option/,301,Slug preserved
https://speedprojectslab.com/project-details/bmw-335i-wagner-intercooler-install/,/work/bmw-335i-wagner-intercooler-install/,301,Slug preserved
https://speedprojectslab.com/project-details/bmw-m3-2002-ecu-tuning/,/work/bmw-m3-2002-ecu-tuning/,301,Slug preserved
https://speedprojectslab.com/project-details/bmw-m6-ecu-tuning/,/work/bmw-m6-ecu-tuning/,301,Slug preserved
https://speedprojectslab.com/project-details/bmw-m3-2016-ecu-tuning/,/work/bmw-m3-2016-ecu-tuning/,301,Slug preserved
https://speedprojectslab.com/project-details/bmw-m3-e46-2005-smg-to-manual-coding/,/work/bmw-m3-e46-2005-smg-to-manual-coding/,301,Slug preserved
https://speedprojectslab.com/project-details/bmw-x5i-ecu-tuning/,/work/bmw-x5i-ecu-tuning/,301,Slug preserved
https://speedprojectslab.com/project-details/bmw-530i-thinkware-dashcam-install/,/work/bmw-530i-thinkware-dashcam-install/,301,Slug preserved
https://speedprojectslab.com/project-details/bmw-x6-50i-2009-ecu-tuning-coding/,/work/bmw-x6-50i-2009-ecu-tuning-coding/,301,Slug preserved
https://speedprojectslab.com/project-details/ford-explorer-xpel-ultimate-plus-ppf-partial-front-end/,/work/ford-explorer-xpel-ultimate-plus-ppf-partial-front-end/,301,Slug preserved
https://speedprojectslab.com/project-details/vw-toureg-xpel-ultimate-plus-ppf-package-c/,/work/vw-toureg-xpel-ultimate-plus-ppf-package-c/,301,Slug preserved
https://speedprojectslab.com/project-details/vw-golf-r-2018-ceramicpro-ceramic-coating-gold-package/,/work/vw-golf-r-2018-ceramicpro-ceramic-coating-gold-package/,301,Slug preserved
https://speedprojectslab.com/project-details/vw-golf-mk7-2-0-tdi-ecu-tuning/,/work/vw-golf-mk7-2-0-tdi-ecu-tuning/,301,Slug preserved
https://speedprojectslab.com/project-details/vw-golf-r-2016-ecu-tuning/,/work/vw-golf-r-2016-ecu-tuning/,301,Slug preserved
https://speedprojectslab.com/project-details/toyota-sienna-2018-iroad-v9-dashcam-install/,/work/toyota-sienna-2018-iroad-v9-dashcam-install/,301,Slug preserved
https://speedprojectslab.com/project-details/toyota-sienna-iroad-v9-front-and-rear-dashcam-install/,/work/toyota-sienna-iroad-v9-front-and-rear-dashcam-install/,301,Slug preserved
https://speedprojectslab.com/project-details/tesla-model-3-xpel-ultimate-plus-ppf-package-c-with-luggage-option/,/work/tesla-model-3-xpel-ultimate-plus-ppf-package-c-with-luggage-option/,301,Slug preserved
https://speedprojectslab.com/project-details/tesla-model-3-ceramicpro-ceramic-coating-silver-package/,/work/tesla-model-3-ceramicpro-ceramic-coating-silver-package/,301,Slug preserved
https://speedprojectslab.com/project-details/porsche-targa-4s-991-2-ecu-tuning-with-etg-performance-software/,/work/porsche-targa-4s-991-2-ecu-tuning-with-etg-performance-software/,301,Slug preserved
https://speedprojectslab.com/project-details/porsche-carrera-4-997-ecu-tuning-with-etg-performance-software/,/work/porsche-carrera-4-997-ecu-tuning-with-etg-performance-software/,301,Slug preserved
https://speedprojectslab.com/project-details/porsche-997-turbo-ecu-tuning/,/work/porsche-997-turbo-ecu-tuning/,301,Slug preserved
https://speedprojectslab.com/project-details/mini-cooper-2018-iroad-v9-front-and-rear-dashcam-install/,/work/mini-cooper-2018-iroad-v9-front-and-rear-dashcam-install/,301,Slug preserved
https://speedprojectslab.com/project-details/mercedes-cls-63-ecu-tuning/,/work/mercedes-cls-63-ecu-tuning/,301,Slug preserved
https://speedprojectslab.com/project-details/mercedes-benz-c63-ecu-tuning/,/work/mercedes-benz-c63-ecu-tuning/,301,Slug preserved
https://speedprojectslab.com/project-details/mercedes-benz-e63-2016-amg-ecu-tuning/,/work/mercedes-benz-e63-2016-amg-ecu-tuning/,301,Slug preserved
https://speedprojectslab.com/project-details/mazda-cx-3-iroad-v9-front-and-rear-dashcam-install/,/work/mazda-cx-3-iroad-v9-front-and-rear-dashcam-install/,301,Slug preserved
https://speedprojectslab.com/project-details/mercedes-benz-c450-2016-ecu-tuning/,/work/mercedes-benz-c450-2016-ecu-tuning/,301,Slug preserved
https://speedprojectslab.com/project-details/mazda-3-2018-dashcam-install/,/work/mazda-3-2018-dashcam-install/,301,Slug preserved
https://speedprojectslab.com/project-details/lexus-rx350-2017-iroad-v9-front-and-rear-dashcam-install/,/work/lexus-rx350-2017-iroad-v9-front-and-rear-dashcam-install/,301,Slug preserved
https://speedprojectslab.com/project-details/lexus-is350-f-sport-awd-2013-ecu-tuning/,/work/lexus-is350-f-sport-awd-2013-ecu-tuning/,301,Slug preserved
https://speedprojectslab.com/project-details/ford-mustang-2017-st-suspension-install/,/work/ford-mustang-2017-st-suspension-install/,301,Slug preserved
https://speedprojectslab.com/project-details/ford-f150-ecu-tuning/,/work/ford-f150-ecu-tuning/,301,Slug preserved
https://speedprojectslab.com/project-details/tesla-model-3-xpel-ultimate-plus-ppf-package-c-with-headlights-door-edge-and-luggage-options/,/work/tesla-model-3-xpel-ultimate-plus-ppf-package-c-with-headlights-door-edge-and-luggage-options/,301,Slug preserved
https://speedprojectslab.com/project-details/subaru-sti-invidia-exhaust-install/,/work/subaru-sti-invidia-exhaust-install/,301,Slug preserved
https://speedprojectslab.com/project-details/range-rover-sport-2016-front-end-xpel-ultimate-plus-ppf/,/work/range-rover-sport-2016-front-end-xpel-ultimate-plus-ppf/,301,Slug preserved
https://speedprojectslab.com/project-details/porsche-cayman-s-2018-xpel-ultimate-plus-ppf-2/,/work/porsche-cayman-s-2018-xpel-ultimate-plus-ppf-2/,301,Slug preserved
https://speedprojectslab.com/project-details/mini-countryman-jcw-2016-ecu-tuning/,/work/mini-countryman-jcw-2016-ecu-tuning/,301,Slug preserved
https://speedprojectslab.com/project-details/mini-countryman-jcw-2014-ecu-tuning/,/work/mini-countryman-jcw-2014-ecu-tuning/,301,Slug preserved
https://speedprojectslab.com/project-details/mercedes-glc-2017-hp-dashcam-install/,/work/mercedes-glc-2017-hp-dashcam-install/,301,Slug preserved
https://speedprojectslab.com/project-details/mercedes-c63-2016-ecu-tuning/,/work/mercedes-c63-2016-ecu-tuning/,301,Slug preserved
https://speedprojectslab.com/project-details/mercedes-benz-g63-2015-ecu-tuning/,/work/mercedes-benz-g63-2015-ecu-tuning/,301,Slug preserved
https://speedprojectslab.com/project-details/mercedes-benz-c43-partial-front-end-xpel-ultimate-plus-ppf/,/work/mercedes-benz-c43-partial-front-end-xpel-ultimate-plus-ppf/,301,Slug preserved
https://speedprojectslab.com/project-details/lexus-is350-xpel-ultimate-plus-ppf-headlight-tint/,/work/lexus-is350-xpel-ultimate-plus-ppf-headlight-tint/,301,Slug preserved
https://speedprojectslab.com/project-details/jeep-wrangler-xpel-ultimate-plus-ppf-headlight-tint/,/work/jeep-wrangler-xpel-ultimate-plus-ppf-headlight-tint/,301,Slug preserved
https://speedprojectslab.com/project-details/ford-mustang-ecu-tuning/,/work/ford-mustang-ecu-tuning/,301,Slug preserved
https://speedprojectslab.com/project-details/lexus-lc500-full-car-xpel-ultimate-plus-ppf-window-tint/,/work/lexus-lc500-full-car-xpel-ultimate-plus-ppf-window-tint/,301,Slug preserved
https://speedprojectslab.com/project-details/lexus-rx350-2012-xpel-ultimate-plus-ppf-hood-fenders-mirrors-and-doors/,/work/lexus-rx350-2012-xpel-ultimate-plus-ppf-hood-fenders-mirrors-and-doors/,301,Slug preserved
https://speedprojectslab.com/project-details/mercedes-benz-e550-rear-carbon-spoiler-install/,/work/mercedes-benz-e550-rear-carbon-spoiler-install/,301,Slug preserved
https://speedprojectslab.com/project-details/mercedes-benz-c63s-edition-one-ecu-tuning/,/work/mercedes-benz-c63s-edition-one-ecu-tuning/,301,Slug preserved
https://speedprojectslab.com/project-details/mercedes-benz-cla250-2014-ecu-tuning/,/work/mercedes-benz-cla250-2014-ecu-tuning/,301,Slug preserved
https://speedprojectslab.com/project-details/mercedes-benz-g63-ecu-tuning/,/work/mercedes-benz-g63-ecu-tuning/,301,Slug preserved
https://speedprojectslab.com/project-details/mercedes-benz-e400-2018-ecu-tuning/,/work/mercedes-benz-e400-2018-ecu-tuning/,301,Slug preserved
https://speedprojectslab.com/project-details/tesla-model-x-xpel-ultimate-plus-ppf-fog-light-tint/,/work/tesla-model-x-xpel-ultimate-plus-ppf-fog-light-tint/,301,Slug preserved
https://speedprojectslab.com/project-details/vw-golf-r-2017-ecu-tuning/,/work/vw-golf-r-2017-ecu-tuning/,301,Slug preserved
https://speedprojectslab.com/project-details/volvo-xc90-thinkware-dashcam-install/,/work/volvo-xc90-thinkware-dashcam-install/,301,Slug preserved
https://speedprojectslab.com/project-details/range-rover-sport-ecu-tuning-windows-tint/,/work/range-rover-sport-ecu-tuning-windows-tint/,301,Slug preserved
https://speedprojectslab.com/project-details/mini-cooper-all-4-s-iroad-q9-front-and-rear-dashcam-install/,/work/mini-cooper-all-4-s-iroad-q9-front-and-rear-dashcam-install/,301,Slug preserved
https://speedprojectslab.com/project-details/ford-explorer-2017-dashcam-install/,/work/ford-explorer-2017-dashcam-install/,301,Slug preserved
https://speedprojectslab.com/project-details/mercedes-benz-cls63-ecu-tuning/,/work/mercedes-benz-cls63-ecu-tuning/,301,Slug preserved
https://speedprojectslab.com/project-details/audi-rs3-2018-ecu-tuning/,/work/audi-rs3-2018-ecu-tuning/,301,Slug preserved
https://speedprojectslab.com/project-details/acura-2015-tlx-xpel-ultimate-plus-ppf-front-end/,/work/acura-2015-tlx-xpel-ultimate-plus-ppf-front-end/,301,Slug preserved
https://speedprojectslab.com/project-details/bmw-428-2014-xpel-ultimate-plus-ppf-luggage-option-ceramicpro-ceramic-coating-gold-package/,/work/bmw-428-2014-xpel-ultimate-plus-ppf-luggage-option-ceramicpro-ceramic-coating-gold-package/,301,Slug preserved
https://speedprojectslab.com/project-details/bmw-135i-2013-ecu-tuning/,/work/bmw-135i-2013-ecu-tuning/,301,Slug preserved
https://speedprojectslab.com/project-details/bmw-x5m-ecu-tuning/,/work/bmw-x5m-ecu-tuning/,301,Slug preserved
https://speedprojectslab.com/project-details/bmw-760li-xpel-ultimate-plus-ppf-full-car-with-fusion-ceramic-coating/,/work/bmw-760li-xpel-ultimate-plus-ppf-full-car-with-fusion-ceramic-coating/,301,Slug preserved
https://speedprojectslab.com/project-details/bmw-x5m-2013-ecu-tuning-kn-air-filter-install/,/work/bmw-x5m-2013-ecu-tuning-kn-air-filter-install/,301,Slug preserved
https://speedprojectslab.com/project-details/bmw-x6-ecu-tuning/,/work/bmw-x6-ecu-tuning/,301,Slug preserved
https://speedprojectslab.com/project-details/chevy-camaro-zl1-1le-xpel-ultimate-plus-ppf-full-car-window-tint/,/work/chevy-camaro-zl1-1le-xpel-ultimate-plus-ppf-full-car-window-tint/,301,Slug preserved
https://speedprojectslab.com/project-details/cadillac-fleetwood-94-xpel-ultimate-plus-ppf-custom-hood-roof-trunk-lid/,/work/cadillac-fleetwood-94-xpel-ultimate-plus-ppf-custom-hood-roof-trunk-lid/,301,Slug preserved
https://speedprojectslab.com/project-details/dodge-challenger-ceramicpro-ceramic-coating-silver-package-xpel-ultimate-plus-ppf-door-cup/,/work/dodge-challenger-ceramicpro-ceramic-coating-silver-package-xpel-ultimate-plus-ppf-door-cup/,301,Slug preserved
https://speedprojectslab.com/project-details/audi-rs7-2017-ecu-and-tcu-tuning/,/work/audi-rs7-2017-ecu-and-tcu-tuning/,301,Slug preserved
https://speedprojectslab.com/project-details/audi-rs7-2017-dte-pedalbox-install/,/work/audi-rs7-2017-dte-pedalbox-install/,301,Slug preserved
https://speedprojectslab.com/project-details/audi-s6-ecu-de-cat-tuning/,/work/audi-s6-ecu-de-cat-tuning/,301,Slug preserved
https://speedprojectslab.com/project-details/bmw-135i-m-performance-vent-rotors-install/,/work/bmw-135i-m-performance-vent-rotors-install/,301,Slug preserved
https://speedprojectslab.com/project-details/bmw-335i-reso-delete-dte-pedalbox-install/,/work/bmw-335i-reso-delete-dte-pedalbox-install/,301,Slug preserved
https://speedprojectslab.com/project-details/bmw-340i-dte-pedalbox-install/,/work/bmw-340i-dte-pedalbox-install/,301,Slug preserved
https://speedprojectslab.com/project-details/bmw-328-diagnostic/,/work/bmw-328-diagnostic/,301,Slug preserved
https://speedprojectslab.com/project-details/bmw-750li-2010-coils-install-and-diagnostic/,/work/bmw-750li-2010-coils-install-and-diagnostic/,301,Slug preserved
https://speedprojectslab.com/project-details/bmw-750li-2016-diagnostic/,/work/bmw-750li-2016-diagnostic/,301,Slug preserved
https://speedprojectslab.com/project-details/bmw-alpina-b6-2017-dte-pedalbox-install/,/work/bmw-alpina-b6-2017-dte-pedalbox-install/,301,Slug preserved
https://speedprojectslab.com/project-details/bmw-m2-2018-gtechniq-wheels-xpel-ultimate-plus-ppf/,/work/bmw-m2-2018-gtechniq-wheels-xpel-ultimate-plus-ppf/,301,Slug preserved
https://speedprojectslab.com/project-details/bmw-k1600-gtl-xpel-ultimate-plus-ppf-saddlebags/,/work/bmw-k1600-gtl-xpel-ultimate-plus-ppf-saddlebags/,301,Slug preserved
https://speedprojectslab.com/project-details/bmw-m2-2018-tranny-mount-install/,/work/bmw-m2-2018-tranny-mount-install/,301,Slug preserved
https://speedprojectslab.com/project-details/bmw-m5-ecu-tuning-and-dte-pedalbox-install/,/work/bmw-m5-ecu-tuning-and-dte-pedalbox-install/,301,Slug preserved
https://speedprojectslab.com/project-details/bmw-m6-2015-ecu-tuning-dte-pedalbox-install/,/work/bmw-m6-2015-ecu-tuning-dte-pedalbox-install/,301,Slug preserved
https://speedprojectslab.com/project-details/toyota-sienna-2018-dte-pedalbox-install/,/work/toyota-sienna-2018-dte-pedalbox-install/,301,Slug preserved
https://speedprojectslab.com/project-details/toyota-4runner-trd-off-road-xpel-ultimate-plus-ppf-full-car-hydrosilex/,/work/toyota-4runner-trd-off-road-xpel-ultimate-plus-ppf-full-car-hydrosilex/,301,Slug preserved
https://speedprojectslab.com/project-details/tesla-model-3-2019-xpel-ultimate-plus-ppf-package-c-with-luggage-option-ceramicpro-ceramic-coating-gold-package-window-tint-sliplo-install/,/work/tesla-model-3-2019-xpel-ultimate-plus-ppf-package-c-with-luggage-option-ceramicpro-ceramic-coating-gold-package-window-tint-sliplo-install/,301,Slug preserved
https://speedprojectslab.com/project-details/tesla-model-3-xpel-ultimate-plus-ppf-package-c-with-luggage-option-ceramicpro-ceramic-coating-gold-package/,/work/tesla-model-3-xpel-ultimate-plus-ppf-package-c-with-luggage-option-ceramicpro-ceramic-coating-gold-package/,301,Slug preserved
https://speedprojectslab.com/project-details/subaru-wrx-enkei-rpf-r1-install-with-ceramicpro-ceramic-coating-wheel/,/work/subaru-wrx-enkei-rpf-r1-install-with-ceramicpro-ceramic-coating-wheel/,301,Slug preserved
https://speedprojectslab.com/project-details/subaru-sti-dte-pedalbox-install/,/work/subaru-sti-dte-pedalbox-install/,301,Slug preserved
https://speedprojectslab.com/project-details/subaru-crosstrek-xpel-ultimate-plus-ppf-package-c/,/work/subaru-crosstrek-xpel-ultimate-plus-ppf-package-c/,301,Slug preserved
https://speedprojectslab.com/project-details/vw-golf-gti-2012-xpel-ultimate-plus-ppf-luggage-option/,/work/vw-golf-gti-2012-xpel-ultimate-plus-ppf-luggage-option/,301,Slug preserved
https://speedprojectslab.com/project-details/vw-golf-hid-headlights-install/,/work/vw-golf-hid-headlights-install/,301,Slug preserved
https://speedprojectslab.com/project-details/team-dynamic-motorsport-wheels-ceramicpro-ceramic-coating-wheel/,/work/team-dynamic-motorsport-wheels-ceramicpro-ceramic-coating-wheel/,301,Slug preserved
https://speedprojectslab.com/project-details/audi-a3-gtechniq-ceramic-coating/,/work/audi-a3-gtechniq-ceramic-coating/,301,Slug preserved
https://speedprojectslab.com/project-details/audi-q5-ecu-tuning-dte-pedalbox-install/,/work/audi-q5-ecu-tuning-dte-pedalbox-install/,301,Slug preserved
https://speedprojectslab.com/project-details/audi-rs3-bmc-air-filter-install/,/work/audi-rs3-bmc-air-filter-install/,301,Slug preserved
https://speedprojectslab.com/project-details/audi-rs3-2017-dte-pedalbox-install/,/work/audi-rs3-2017-dte-pedalbox-install/,301,Slug preserved
https://speedprojectslab.com/project-details/audi-a6-20t-2013-ecu-tuning-and-dte-pedalbox-install/,/work/audi-a6-20t-2013-ecu-tuning-and-dte-pedalbox-install/,301,Slug preserved
https://speedprojectslab.com/project-details/audi-rs7-ecu-and-tcu-tuning/,/work/audi-rs7-ecu-and-tcu-tuning/,301,Slug preserved
https://speedprojectslab.com/project-details/work-wheels-ceramicpro-ceramic-coating-wheels-and-calipers/,/work/work-wheels-ceramicpro-ceramic-coating-wheels-and-calipers/,301,Slug preserved
https://speedprojectslab.com/project-details/vw-golf-gti-2012-diagnostics-and-oil-change/,/work/vw-golf-gti-2012-diagnostics-and-oil-change/,301,Slug preserved
https://speedprojectslab.com/project-details/vorsteiner-v-ff-108-wheel-ceramicpro-ceramic-coating-wheel-and-caliper/,/work/vorsteiner-v-ff-108-wheel-ceramicpro-ceramic-coating-wheel-and-caliper/,301,Slug preserved
https://speedprojectslab.com/project-details/toyota-sienna-window-visors-hid-dashcam-install/,/work/toyota-sienna-window-visors-hid-dashcam-install/,301,Slug preserved
https://speedprojectslab.com/project-details/rays-wheels/,/work/rays-wheels/,301,Slug preserved
https://speedprojectslab.com/project-details/range-rover-svr-2017-aspire-wheels-install/,/work/range-rover-svr-2017-aspire-wheels-install/,301,Slug preserved
https://speedprojectslab.com/project-details/range-rover-sport-2016-ecu-tuning-pulley-upgrade/,/work/range-rover-sport-2016-ecu-tuning-pulley-upgrade/,301,Slug preserved
https://speedprojectslab.com/project-details/range-rover-evoque-2016-ecu-tuning-oil-change/,/work/range-rover-evoque-2016-ecu-tuning-oil-change/,301,Slug preserved
https://speedprojectslab.com/project-details/porsche-wheels-ceramicpro-ceramic-coating-wheel-and-caliper/,/work/porsche-wheels-ceramicpro-ceramic-coating-wheel-and-caliper/,301,Slug preserved
https://speedprojectslab.com/project-details/porsche-targa-4s-2016-dte-pedalbox-install/,/work/porsche-targa-4s-2016-dte-pedalbox-install/,301,Slug preserved
https://speedprojectslab.com/project-details/porsche-carrera-997-dte-pedalbox-install/,/work/porsche-carrera-997-dte-pedalbox-install/,301,Slug preserved
https://speedprojectslab.com/project-details/porsche-carrera-997-2012-ecu-tuning/,/work/porsche-carrera-997-2012-ecu-tuning/,301,Slug preserved
https://speedprojectslab.com/project-details/porsche-carrera-991-1-dte-pedalbox-install/,/work/porsche-carrera-991-1-dte-pedalbox-install/,301,Slug preserved
https://speedprojectslab.com/project-details/aspire-wheels-22x10-5/,/work/aspire-wheels-22x10-5/,301,Slug preserved
https://speedprojectslab.com/project-details/aspire-wheels-with-alloygator/,/work/aspire-wheels-with-alloygator/,301,Slug preserved
https://speedprojectslab.com/project-details/audi-rs7-2013-ecu-and-dsg-tuning-dte-pedalbox-install/,/work/audi-rs7-2013-ecu-and-dsg-tuning-dte-pedalbox-install/,301,Slug preserved
https://speedprojectslab.com/project-details/audi-tt-quattro-2018-dte-pedalbox-install/,/work/audi-tt-quattro-2018-dte-pedalbox-install/,301,Slug preserved
https://speedprojectslab.com/project-details/bmw-z4m-08-coding/,/work/bmw-z4m-08-coding/,301,Slug preserved
https://speedprojectslab.com/project-details/bmw-m4-coding-gts-dct-firmware-upgrade-burple-tune/,/work/bmw-m4-coding-gts-dct-firmware-upgrade-burple-tune/,301,Slug preserved
https://speedprojectslab.com/project-details/bmw-m4-gts-coding/,/work/bmw-m4-gts-coding/,301,Slug preserved
https://speedprojectslab.com/project-details/bmw-x1-2014-diagnostic/,/work/bmw-x1-2014-diagnostic/,301,Slug preserved
https://speedprojectslab.com/project-details/bmw-x5-2008-battery-registration/,/work/bmw-x5-2008-battery-registration/,301,Slug preserved
https://speedprojectslab.com/project-details/bmw-x5-diagnostic/,/work/bmw-x5-diagnostic/,301,Slug preserved
https://speedprojectslab.com/project-details/ferrari-f360-ecu-tuning/,/work/ferrari-f360-ecu-tuning/,301,Slug preserved
https://speedprojectslab.com/project-details/fiat-abarth-500-window-visors-install/,/work/fiat-abarth-500-window-visors-install/,301,Slug preserved
https://speedprojectslab.com/project-details/ford-f150-borla-exhaust-afe-intake-install/,/work/ford-f150-borla-exhaust-afe-intake-install/,301,Slug preserved
https://speedprojectslab.com/project-details/ford-f150-raptor-oem-sticker-install/,/work/ford-f150-raptor-oem-sticker-install/,301,Slug preserved
https://speedprojectslab.com/project-details/ford-f150-raptor-2017-ecu-tuning-dte-pedalbox-install/,/work/ford-f150-raptor-2017-ecu-tuning-dte-pedalbox-install/,301,Slug preserved
https://speedprojectslab.com/project-details/ford-f150-raptor-2017-ecu-tuning-dte-pedalbox-install-2/,/work/ford-f150-raptor-2017-ecu-tuning-dte-pedalbox-install-2/,301,Slug preserved
https://speedprojectslab.com/project-details/ford-mustang-dte-pedalbox-install/,/work/ford-mustang-dte-pedalbox-install/,301,Slug preserved
https://speedprojectslab.com/project-details/ford-raptor-box-sticker-install/,/work/ford-raptor-box-sticker-install/,301,Slug preserved
https://speedprojectslab.com/project-details/ford-raptor-hood-decal-install/,/work/ford-raptor-hood-decal-install/,301,Slug preserved
https://speedprojectslab.com/project-details/ford-raptor-roof-black-out-panda-eyes-front-rear-install/,/work/ford-raptor-roof-black-out-panda-eyes-front-rear-install/,301,Slug preserved
https://speedprojectslab.com/project-details/ford-raptor-ecu-tuning-dte-pedalbox-install/,/work/ford-raptor-ecu-tuning-dte-pedalbox-install/,301,Slug preserved
https://speedprojectslab.com/project-details/ford-raptor-2017-afe-power-install/,/work/ford-raptor-2017-afe-power-install/,301,Slug preserved
https://speedprojectslab.com/project-details/porsche-boxster-718-2017-ecu-tuning-dte-pedalbox-install/,/work/porsche-boxster-718-2017-ecu-tuning-dte-pedalbox-install/,301,Slug preserved
https://speedprojectslab.com/project-details/porsche-carrera-4s-997-ecu-tuning-dte-pedalbox-install/,/work/porsche-carrera-4s-997-ecu-tuning-dte-pedalbox-install/,301,Slug preserved
https://speedprojectslab.com/project-details/porsche-boxster-718-2017-dte-pedalbox-install/,/work/porsche-boxster-718-2017-dte-pedalbox-install/,301,Slug preserved
https://speedprojectslab.com/project-details/ford-raptor-2018-ecu-tuning-dte-pedalbox-install/,/work/ford-raptor-2018-ecu-tuning-dte-pedalbox-install/,301,Slug preserved
https://speedprojectslab.com/project-details/hyundai-genesis-fender-brace-install/,/work/hyundai-genesis-fender-brace-install/,301,Slug preserved
https://speedprojectslab.com/project-details/hyundai-genesis-ecu-tuning-fluid-change/,/work/hyundai-genesis-ecu-tuning-fluid-change/,301,Slug preserved
https://speedprojectslab.com/project-details/jeep-grand-cherokee-srt8-intake-exhaust-install/,/work/jeep-grand-cherokee-srt8-intake-exhaust-install/,301,Slug preserved
https://speedprojectslab.com/project-details/jeep-wrangler-rubicon-unlimited-rockers-thinkware-f800-pro-front-and-rear-dashcam-install/,/work/jeep-wrangler-rubicon-unlimited-rockers-thinkware-f800-pro-front-and-rear-dashcam-install/,301,Slug preserved
https://speedprojectslab.com/project-details/jeep-wrangler-rubicon-unlimted-xpel-ultimate-plus-ppf-front-end-window-tint/,/work/jeep-wrangler-rubicon-unlimted-xpel-ultimate-plus-ppf-front-end-window-tint/,301,Slug preserved
https://speedprojectslab.com/project-details/lamborghini-aventador-diagnostic/,/work/lamborghini-aventador-diagnostic/,301,Slug preserved
https://speedprojectslab.com/project-details/lexus-nx300t-winter-wheels-install/,/work/lexus-nx300t-winter-wheels-install/,301,Slug preserved
https://speedprojectslab.com/project-details/lincoln-mkx-window-tint/,/work/lincoln-mkx-window-tint/,301,Slug preserved
https://speedprojectslab.com/project-details/m4-2016-tcu-tuning/,/work/m4-2016-tcu-tuning/,301,Slug preserved
https://speedprojectslab.com/project-details/mazda-miata-xpel-tracwrap/,/work/mazda-miata-xpel-tracwrap/,301,Slug preserved
https://speedprojectslab.com/project-details/mercedes-benz-c32-amg-2002-ecu-and-tcu-tuning/,/work/mercedes-benz-c32-amg-2002-ecu-and-tcu-tuning/,301,Slug preserved
https://speedprojectslab.com/project-details/mercedes-benz-cla-250-2014-parking-sensor-install/,/work/mercedes-benz-cla-250-2014-parking-sensor-install/,301,Slug preserved
https://speedprojectslab.com/project-details/mercedes-benz-cls63-2016-ecu-tuning/,/work/mercedes-benz-cls63-2016-ecu-tuning/,301,Slug preserved
https://speedprojectslab.com/project-details/mercedes-benz-e350-dte-pedalbox-install/,/work/mercedes-benz-e350-dte-pedalbox-install/,301,Slug preserved
https://speedprojectslab.com/project-details/mercedes-benz-e550-rear-carbon-spoiler-install-2/,/work/mercedes-benz-e550-rear-carbon-spoiler-install-2/,301,Slug preserved
https://speedprojectslab.com/project-details/mercedes-benz-gl63-dte-pedalbox-install/,/work/mercedes-benz-gl63-dte-pedalbox-install/,301,Slug preserved
https://speedprojectslab.com/project-details/mercedes-benz-gla45-ecu-tuning/,/work/mercedes-benz-gla45-ecu-tuning/,301,Slug preserved
https://speedprojectslab.com/project-details/mercedes-benz-glc43-ecu-tuning/,/work/mercedes-benz-glc43-ecu-tuning/,301,Slug preserved
https://speedprojectslab.com/project-details/mercedes-benz-s63-2016-ecu-tuning/,/work/mercedes-benz-s63-2016-ecu-tuning/,301,Slug preserved
https://speedprojectslab.com/project-details/mercedes-benz-s550-bmc-air-filter-install/,/work/mercedes-benz-s550-bmc-air-filter-install/,301,Slug preserved
https://speedprojectslab.com/project-details/mercedes-benz-sl55-ecu-and-tcu-tuning/,/work/mercedes-benz-sl55-ecu-and-tcu-tuning/,301,Slug preserved
https://speedprojectslab.com/project-details/lexus-is250-awd-2009-ecu-tuning/,/work/lexus-is250-awd-2009-ecu-tuning/,301,Slug preserved
https://speedprojectslab.com/project-details/mercedes-benz-w205-c63s-amg-ecu-tuning/,/work/mercedes-benz-w205-c63s-amg-ecu-tuning/,301,Slug preserved
https://speedprojectslab.com/project-details/mercedes-benz-b200-diagnostic-repairs/,/work/mercedes-benz-b200-diagnostic-repairs/,301,Slug preserved
https://speedprojectslab.com/project-details/mercedes-benz-c43-obd-tune/,/work/mercedes-benz-c43-obd-tune/,301,Slug preserved
https://speedprojectslab.com/project-details/mercedes-benz-c43-amg-ecu-tuning-dte-pedalbox-install/,/work/mercedes-benz-c43-amg-ecu-tuning-dte-pedalbox-install/,301,Slug preserved
https://speedprojectslab.com/project-details/mercedes-benz-c63-dte-pedalbox-install/,/work/mercedes-benz-c63-dte-pedalbox-install/,301,Slug preserved
https://speedprojectslab.com/project-details/mercedes-benz-c63s-dte-pedalbox-install/,/work/mercedes-benz-c63s-dte-pedalbox-install/,301,Slug preserved
https://speedprojectslab.com/project-details/mini-cooper-diagnostic/,/work/mini-cooper-diagnostic/,301,Slug preserved
https://speedprojectslab.com/project-details/mini-cooper-r56-coding-drl-and-remote-close/,/work/mini-cooper-r56-coding-drl-and-remote-close/,301,Slug preserved
https://speedprojectslab.com/project-details/mini-cooper-r56-coding/,/work/mini-cooper-r56-coding/,301,Slug preserved
https://speedprojectslab.com/project-details/mitsubishi-outlander-hybrid-blackvue-dr430-2ch-dashcam-install/,/work/mitsubishi-outlander-hybrid-blackvue-dr430-2ch-dashcam-install/,301,Slug preserved
https://speedprojectslab.com/project-details/mustang-3-5-ecoboost-dte-pedalbox-install/,/work/mustang-3-5-ecoboost-dte-pedalbox-install/,301,Slug preserved
https://speedprojectslab.com/project-details/nissan-altima-hid-headlights-install/,/work/nissan-altima-hid-headlights-install/,301,Slug preserved
https://speedprojectslab.com/project-details/nissan-rouge-ceramicpro-ceramic-coating-silver-package-xpel-ultimate-plus-ppf-luggage-options-with-paint-correction/,/work/nissan-rouge-ceramicpro-ceramic-coating-silver-package-xpel-ultimate-plus-ppf-luggage-options-with-paint-correction/,301,Slug preserved
https://speedprojectslab.com/project-details/ford-f150-xpel-ultimate-plus-ppf-door-edges/,/work/ford-f150-xpel-ultimate-plus-ppf-door-edges/,301,Slug preserved
https://speedprojectslab.com/project-details/ford-f150-limited-2017-borla-exhaust-install/,/work/ford-f150-limited-2017-borla-exhaust-install/,301,Slug preserved
https://speedprojectslab.com/project-details/bmw-328i-window-tint/,/work/bmw-328i-window-tint/,301,Slug preserved
https://speedprojectslab.com/project-details/bmw-328i-2013-ecu-tuning/,/work/bmw-328i-2013-ecu-tuning/,301,Slug preserved
https://speedprojectslab.com/project-details/chrysler-pacifica-xpel-ultimate-plus-ppf-headlight-window-tint/,/work/chrysler-pacifica-xpel-ultimate-plus-ppf-headlight-window-tint/,301,Slug preserved
https://speedprojectslab.com/project-details/ferrari-458-italia-ceramicpro-ceramic-coating-silver-package-paint-correct-xpel-ultimate-plus-ppf-headlights/,/work/ferrari-458-italia-ceramicpro-ceramic-coating-silver-package-paint-correct-xpel-ultimate-plus-ppf-headlights/,301,Slug preserved
https://speedprojectslab.com/project-details/ford-mustang-performance-package-2-xpel-ultimate-plus-ppf-package-c-gas-cap-headlights-luggage-door-cups-options-fusion/,/work/ford-mustang-performance-package-2-xpel-ultimate-plus-ppf-package-c-gas-cap-headlights-luggage-door-cups-options-fusion/,301,Slug preserved
https://speedprojectslab.com/project-details/honda-civic-iroad-q7-front-and-rear-dashcam-install/,/work/honda-civic-iroad-q7-front-and-rear-dashcam-install/,301,Slug preserved
https://speedprojectslab.com/project-details/mercedes-benz-cls53-iroad-q9-front-and-rear-dashcam-install/,/work/mercedes-benz-cls53-iroad-q9-front-and-rear-dashcam-install/,301,Slug preserved
https://speedprojectslab.com/project-details/mercedes-benz-r350-xpel-ultimate-plus-ppf-package-c-door-cups-and-headlights-option/,/work/mercedes-benz-r350-xpel-ultimate-plus-ppf-package-c-door-cups-and-headlights-option/,301,Slug preserved
https://speedprojectslab.com/project-details/tesla-model-3-xpel-ultimate-plus-ppf-center-console/,/work/tesla-model-3-xpel-ultimate-plus-ppf-center-console/,301,Slug preserved
https://speedprojectslab.com/project-details/tesla-model-3-xpel-ppf-center-console-stealth-ultimate/,/work/tesla-model-3-xpel-ppf-center-console-stealth-ultimate/,301,Slug preserved
https://speedprojectslab.com/project-details/tesla-model-3-ceramicpro-ceramic-coating-silver-package-2/,/work/tesla-model-3-ceramicpro-ceramic-coating-silver-package-2/,301,Slug preserved
https://speedprojectslab.com/project-details/tesla-model-3-xpel-ultimate-plus-ppf-package-c-a-pillars-rear-luggage-stealth-center-console-door-handles-options/,/work/tesla-model-3-xpel-ultimate-plus-ppf-package-c-a-pillars-rear-luggage-stealth-center-console-door-handles-options/,301,Slug preserved
https://speedprojectslab.com/project-details/tesla-model-3-xpel-stealth-center-console/,/work/tesla-model-3-xpel-stealth-center-console/,301,Slug preserved
https://speedprojectslab.com/project-details/tesla-model-s-ceramicpro-ceramic-coating-silver-package/,/work/tesla-model-s-ceramicpro-ceramic-coating-silver-package/,301,Slug preserved
https://speedprojectslab.com/project-details/bugatti-chiron-sliplo-install/,/work/bugatti-chiron-sliplo-install/,301,Slug preserved
https://speedprojectslab.com/project-details/tesla-model-3-sliplo-install-2/,/work/tesla-model-3-sliplo-install-2/,301,Slug preserved
https://speedprojectslab.com/project-details/tesla-model-3-sliplo-install/,/work/tesla-model-3-sliplo-install/,301,Slug preserved
https://speedprojectslab.com/project-details/bmw-750li-sliplo-install/,/work/bmw-750li-sliplo-install/,301,Slug preserved
https://speedprojectslab.com/project-details/bmw-i8-sliplo-install/,/work/bmw-i8-sliplo-install/,301,Slug preserved
https://speedprojectslab.com/project-details/lexus-lc500-sliplo-install/,/work/lexus-lc500-sliplo-install/,301,Slug preserved
https://speedprojectslab.com/project-details/porsche-cayman-718-gts-sliplo-install/,/work/porsche-cayman-718-gts-sliplo-install/,301,Slug preserved
https://speedprojectslab.com/project-details/audi-s3-exoshield-install/,/work/audi-s3-exoshield-install/,301,Slug preserved
https://speedprojectslab.com/project-details/bentley-bentayga-xpel-ultimate-plus-ppf-package-c-rear-luggage-door-cups-headlights/,/work/bentley-bentayga-xpel-ultimate-plus-ppf-package-c-rear-luggage-door-cups-headlights/,301,Slug preserved
https://speedprojectslab.com/project-details/bmw-m5-2018-ecu-tuning-2/,/work/bmw-m5-2018-ecu-tuning-2/,301,Slug preserved
https://speedprojectslab.com/project-details/ford-explorer-exoshield-install/,/work/ford-explorer-exoshield-install/,301,Slug preserved
https://speedprojectslab.com/project-details/ford-mustang-exoshield-install/,/work/ford-mustang-exoshield-install/,301,Slug preserved
https://speedprojectslab.com/project-details/jaguar-f-type-ecu-tuning-pulley-upgrade/,/work/jaguar-f-type-ecu-tuning-pulley-upgrade/,301,Slug preserved
https://speedprojectslab.com/project-details/lexus-is250-exoshield-install/,/work/lexus-is250-exoshield-install/,301,Slug preserved
https://speedprojectslab.com/project-details/mercedes-benz-c63s-xpel-ultimate-plus-ppf-package-c-doors-headlight-luggage-options-and-ceramicpro-ceramic-coating-gold-package-wheel-change/,/work/mercedes-benz-c63s-xpel-ultimate-plus-ppf-package-c-doors-headlight-luggage-options-and-ceramicpro-ceramic-coating-gold-package-wheel-change/,301,Slug preserved
https://speedprojectslab.com/project-details/mercedes-benz-e400-ecu-tuning/,/work/mercedes-benz-e400-ecu-tuning/,301,Slug preserved
https://speedprojectslab.com/project-details/mercedes-benz-gts-ecu-tuning/,/work/mercedes-benz-gts-ecu-tuning/,301,Slug preserved
https://speedprojectslab.com/project-details/nissan-frontier-2019-exoshield-install/,/work/nissan-frontier-2019-exoshield-install/,301,Slug preserved
https://speedprojectslab.com/project-details/range-rover-sport-exoshield-install/,/work/range-rover-sport-exoshield-install/,301,Slug preserved
https://speedprojectslab.com/project-details/range-rover-svr-iroad-x9-front-and-rear-dashcam-install/,/work/range-rover-svr-iroad-x9-front-and-rear-dashcam-install/,301,Slug preserved
https://speedprojectslab.com/project-details/subaru-forester-exoshield-install/,/work/subaru-forester-exoshield-install/,301,Slug preserved
https://speedprojectslab.com/project-details/tesla-model-3-xpel-ultimate-plus-ppf-package-c-headlights-luggage-center-console-and-door-handles-options-ceramicpro-ceramic-coating-gold-package-sliplo-install/,/work/tesla-model-3-xpel-ultimate-plus-ppf-package-c-headlights-luggage-center-console-and-door-handles-options-ceramicpro-ceramic-coating-gold-package-sliplo-install/,301,Slug preserved
https://speedprojectslab.com/project-details/tesla-model-3-xpel-ultimate-plus-ppf-package-c-handles-center-console-head-lights-and-rear-luggage-ceramicpro-ceramic-coating-silver-package/,/work/tesla-model-3-xpel-ultimate-plus-ppf-package-c-handles-center-console-head-lights-and-rear-luggage-ceramicpro-ceramic-coating-silver-package/,301,Slug preserved
https://speedprojectslab.com/project-details/bmw-m2-competition-ecu-tuning/,/work/bmw-m2-competition-ecu-tuning/,301,Slug preserved
https://speedprojectslab.com/project-details/audi-rs3-ecu-tuning/,/work/audi-rs3-ecu-tuning/,301,Slug preserved
https://speedprojectslab.com/project-details/ford-explorer-xpel-ultimate-plus-ppf-package-with-partial-roof-option-b/,/work/ford-explorer-xpel-ultimate-plus-ppf-package-with-partial-roof-option-b/,301,Slug preserved
https://speedprojectslab.com/project-details/ford-mustang-racing-stripes-install/,/work/ford-mustang-racing-stripes-install/,301,Slug preserved
https://speedprojectslab.com/project-details/ford-mustang-bullitt-xpel-ultimate-plus-ppf-package-c-with-doors-option/,/work/ford-mustang-bullitt-xpel-ultimate-plus-ppf-package-c-with-doors-option/,301,Slug preserved
https://speedprojectslab.com/project-details/lexus-is250-xpel-ultimate-plus-ppf-package-c-a-pillar-partial-roof-luggage-door-cups-options-self-healing-ceramic-coating/,/work/lexus-is250-xpel-ultimate-plus-ppf-package-c-a-pillar-partial-roof-luggage-door-cups-options-self-healing-ceramic-coating/,301,Slug preserved
https://speedprojectslab.com/project-details/lexus-is300-package-c-luggage-gas-cap-options-ceramicpro-ceramic-coating-silver-package/,/work/lexus-is300-package-c-luggage-gas-cap-options-ceramicpro-ceramic-coating-silver-package/,301,Slug preserved
https://speedprojectslab.com/project-details/lexus-isf-xpel-ultimate-plus-ppf-package-b/,/work/lexus-isf-xpel-ultimate-plus-ppf-package-b/,301,Slug preserved
https://speedprojectslab.com/project-details/maserati-levante-ecu-tuning-2/,/work/maserati-levante-ecu-tuning-2/,301,Slug preserved
https://speedprojectslab.com/project-details/mercedes-benz-c63s-ecu-tuning/,/work/mercedes-benz-c63s-ecu-tuning/,301,Slug preserved
https://speedprojectslab.com/project-details/mercedes-benz-c400-ecu-tuning/,/work/mercedes-benz-c400-ecu-tuning/,301,Slug preserved
https://speedprojectslab.com/project-details/mercedes-benz-c63-w204-ecu-tuning/,/work/mercedes-benz-c63-w204-ecu-tuning/,301,Slug preserved
https://speedprojectslab.com/project-details/mercedes-benz-c63s-aero-kit-install-sliplo-install/,/work/mercedes-benz-c63s-aero-kit-install-sliplo-install/,301,Slug preserved
https://speedprojectslab.com/project-details/nissan-370z-nismo-edition-xpel-ultimate-plus-ppf-package-c-ceramicpro-ceramic-coating-gold-package/,/work/nissan-370z-nismo-edition-xpel-ultimate-plus-ppf-package-c-ceramicpro-ceramic-coating-gold-package/,301,Slug preserved
https://speedprojectslab.com/project-details/tesla-model-3-sliplo-install-3/,/work/tesla-model-3-sliplo-install-3/,301,Slug preserved
https://speedprojectslab.com/project-details/audi-a4-ecs-front-lip-install/,/work/audi-a4-ecs-front-lip-install/,301,Slug preserved
https://speedprojectslab.com/project-details/audi-q7-factory-luggage-area-protective-film-install/,/work/audi-q7-factory-luggage-area-protective-film-install/,301,Slug preserved
https://speedprojectslab.com/project-details/audi-q7-xpel-ultimate-plus-ppf-package-c-with-luggage-option-ceramicpro-ceramic-coating-silver-package/,/work/audi-q7-xpel-ultimate-plus-ppf-package-c-with-luggage-option-ceramicpro-ceramic-coating-silver-package/,301,Slug preserved
https://speedprojectslab.com/project-details/range-rover-ceramicpro-ceramic-coating-wheels/,/work/range-rover-ceramicpro-ceramic-coating-wheels/,301,Slug preserved
https://speedprojectslab.com/project-details/porsche-cayenne-exoshield-install-ceramicpro-ceramic-coating-interior/,/work/porsche-cayenne-exoshield-install-ceramicpro-ceramic-coating-interior/,301,Slug preserved
https://speedprojectslab.com/project-details/subaru-sti-ceramicpro-ceramic-coating-gold-package/,/work/subaru-sti-ceramicpro-ceramic-coating-gold-package/,301,Slug preserved
https://speedprojectslab.com/project-details/toyota-4runner-trail-edition-xpel-ultimate-plus-ppf-package-a-custom-rear-guards/,/work/toyota-4runner-trail-edition-xpel-ultimate-plus-ppf-package-a-custom-rear-guards/,301,Slug preserved
https://speedprojectslab.com/project-details/honda-civic-type-r-xpel-ultimate-plus-ppf-hood-revivify-self-heal-pro-ceramic-coating/,/work/honda-civic-type-r-xpel-ultimate-plus-ppf-hood-revivify-self-heal-pro-ceramic-coating/,301,Slug preserved
https://speedprojectslab.com/project-details/maserati-levante-revivify-self-heal-pro-ceramic-coating/,/work/maserati-levante-revivify-self-heal-pro-ceramic-coating/,301,Slug preserved
https://speedprojectslab.com/project-details/mercedes-c63-revivify-self-heal-ceramic-coating/,/work/mercedes-c63-revivify-self-heal-ceramic-coating/,301,Slug preserved
https://speedprojectslab.com/project-details/spl-faucet-ceramicpro-ceramic-coating/,/work/spl-faucet-ceramicpro-ceramic-coating/,301,Slug preserved
https://speedprojectslab.com/project-details/audi-q3-dte-pedalbox-install/,/work/audi-q3-dte-pedalbox-install/,301,Slug preserved
https://speedprojectslab.com/project-details/audi-s5-thinkware-f800-dash-cam-install/,/work/audi-s5-thinkware-f800-dash-cam-install/,301,Slug preserved
https://paintprotection.speedprojectslab.com/,/paint-protection/,301,Subdomain root
https://paintprotection.speedprojectslab.com/my-account/,/shop/account/,301,DUPLICATE - PENDING e-commerce decision
https://paintprotection.speedprojectslab.com/cart/,/shop/cart/,301,DUPLICATE - PENDING e-commerce decision
https://paintprotection.speedprojectslab.com/terms-conditions/,/terms/,301,DUPLICATE
https://paintprotection.speedprojectslab.com/checkout/,/shop/checkout/,301,DUPLICATE - PENDING e-commerce decision
https://paintprotection.speedprojectslab.com/tuning-coding/,/performance/ecu-tuning/,301,DUPLICATE - wrong subdomain
https://paintprotection.speedprojectslab.com/reviews/,/reviews/,301,DUPLICATE
https://paintprotection.speedprojectslab.com/site-map/,/sitemap/,301,DUPLICATE
https://paintprotection.speedprojectslab.com/thank-you/,/thank-you/,301,DUPLICATE
https://paintprotection.speedprojectslab.com/careers/,/careers/,301,DUPLICATE
https://paintprotection.speedprojectslab.com/sliplo/,/paint-protection/sliplo/,301,DUPLICATE
https://paintprotection.speedprojectslab.com/xpel-ultimate-plus-black-ppf/,/paint-protection/ppf/stealth-matte/,301,DUPLICATE
https://paintprotection.speedprojectslab.com/xpel-fusion-plus-ceramic-coating/,/paint-protection/ceramic-coating/xpel-fusion-plus/,301,DUPLICATE
https://paintprotection.speedprojectslab.com/ceramicpro/,/paint-protection/ceramic-coating/ceramic-pro/,301,DUPLICATE
https://paintprotection.speedprojectslab.com/window-nano-coating/,/paint-protection/window-tint/nano-coating/,301,DUPLICATE
https://paintprotection.speedprojectslab.com/xpel-automotive-window-tint/,/paint-protection/window-tint/xpel-prime-xr/,301,DUPLICATE
https://paintprotection.speedprojectslab.com/stek-dynoflex-windshield-protection-film/,/paint-protection/windshield-protection/stek-dynoflex/,301,DUPLICATE
https://paintprotection.speedprojectslab.com/xpel-vision-window-film/,/paint-protection/window-tint/xpel-vision/,301,DUPLICATE
https://paintprotection.speedprojectslab.com/portfolio/,/work/,301,DUPLICATE
https://paintprotection.speedprojectslab.com/detailing/,/paint-protection/detailing/,301,
https://paintprotection.speedprojectslab.com/revivifycoatings/,/paint-protection/ceramic-coating/revivify/,301,DUPLICATE
https://paintprotection.speedprojectslab.com/vehicle-wraps/,/paint-protection/vehicle-wraps/,301,
https://paintprotection.speedprojectslab.com/about-us/,/about/,301,DUPLICATE
https://paintprotection.speedprojectslab.com/contact-us/,/contact/,301,DUPLICATE
https://paintprotection.speedprojectslab.com/vancouver/,/paint-protection/ppf/,301,"Geo page - merge, keep Vancouver copy in canonical"
https://paintprotection.speedprojectslab.com/rivian-xpel-paint-protection-film/,/paint-protection/ppf/rivian/,301,DUPLICATE
https://paintprotection.speedprojectslab.com/windshield-protection-film/,/paint-protection/windshield-protection/,301,
https://paintprotection.speedprojectslab.com/blog-2-0/,/blog/,301,PENDING blog decision - zero posts
https://paintprotection.speedprojectslab.com/financing/,/financing/,301,DUPLICATE
https://paintprotection.speedprojectslab.com/full-vehicle-ppf-vancouver/,/paint-protection/ppf/full-vehicle/,301,RANKING PAGE - verify post-launch
https://paintprotection.speedprojectslab.com/ppf-vs-ceramic-coating-vancouver/,/paint-protection/ppf-vs-ceramic-coating/,301,RANKING PAGE - verify post-launch
https://paintprotection.speedprojectslab.com/paint-protection-film-ppf-in-vancouver-richmond-bc/,/paint-protection/ppf/,301,RANKING PAGE - primary PPF term
https://paintprotection.speedprojectslab.com/paint-protection-film/,/paint-protection/ppf/,301,RANKING PAGE - canonical PPF
https://paintprotection.speedprojectslab.com/ppf-cost-vancouver/,/paint-protection/ppf/cost/,301,RANKING PAGE - high intent
https://paintprotection.speedprojectslab.com/tesla-model-y-ppf-vancouver/,/paint-protection/ppf/tesla/model-y/,301,RANKING PAGE
https://paintprotection.speedprojectslab.com/tesla-model-3-ppf-vancouver/,/paint-protection/ppf/tesla/model-3/,301,RANKING PAGE
https://paintprotection.speedprojectslab.com/tesla-ppf-vancouver/,/paint-protection/ppf/tesla/,301,RANKING PAGE
https://paintprotection.speedprojectslab.com/matte-stealth-ppf-vancouver/,/paint-protection/ppf/stealth-matte/,301,RANKING PAGE
https://paintprotection.speedprojectslab.com/ppf-redo-correction-vancouver/,/paint-protection/ppf/correction/,301,RANKING PAGE
https://paintprotection.speedprojectslab.com/book-now/,/book/,301,DUPLICATE
https://paintprotection.speedprojectslab.com/ceramiccoating/,/paint-protection/ceramic-coating/,301,Canonical ceramic hub
https://performance.speedprojectslab.com/,/performance/,301,Subdomain root
https://performance.speedprojectslab.com/pro-tuning-freaks-vancouver/,/performance/ecu-tuning/pro-tuning-freaks/,301,DUPLICATE
https://performance.speedprojectslab.com/my-account/,/shop/account/,301,DUPLICATE - PENDING e-commerce decision
https://performance.speedprojectslab.com/shop/,/shop/,301,DUPLICATE - PENDING e-commerce decision
https://performance.speedprojectslab.com/cart/,/shop/cart/,301,DUPLICATE - PENDING e-commerce decision
https://performance.speedprojectslab.com/terms-conditions/,/terms/,301,DUPLICATE
https://performance.speedprojectslab.com/checkout/,/shop/checkout/,301,DUPLICATE - PENDING e-commerce decision
https://performance.speedprojectslab.com/ecu-tuning-group/,/performance/ecu-tuning/etg/,301,DUPLICATE
https://performance.speedprojectslab.com/blog-2-0/,/blog/,301,PENDING blog decision - zero posts
https://performance.speedprojectslab.com/reviews/,/reviews/,301,DUPLICATE
https://performance.speedprojectslab.com/site-map/,/sitemap/,301,DUPLICATE
https://performance.speedprojectslab.com/thank-you/,/thank-you/,301,DUPLICATE
https://performance.speedprojectslab.com/accessories/,/performance/accessories-retrofits/,301,
https://performance.speedprojectslab.com/coding/,/performance/bmw-coding/,301,
https://performance.speedprojectslab.com/brands/,/brands/,301,DUPLICATE
https://performance.speedprojectslab.com/about-us/,/about/,301,DUPLICATE
https://performance.speedprojectslab.com/contact-us/,/contact/,301,DUPLICATE
https://performance.speedprojectslab.com/financing/,/financing/,301,DUPLICATE
https://performance.speedprojectslab.com/tuning-coding/,/performance/ecu-tuning/,301,DUPLICATE
https://performance.speedprojectslab.com/bmw-dme-unlock-service-richmond/,/performance/dme-unlock/,301,RANKING PAGE - niche high-value term
https://performance.speedprojectslab.com/maintenance/,/performance/maintenance/,301,
https://performance.speedprojectslab.com/book-now/,/book/,301,DUPLICATE
https://performance.speedprojectslab.com/track-prep-vancouver/,/performance/track-prep/,301,RANKING PAGE
https://vancitytires.com/,/tires/,301,Subdomain root
https://vancitytires.com/promos/,/tires/promos/,301,
https://vancitytires.com/tires/,/tires/shop/,301,
https://vancitytires.com/contact-us/,/contact/,301,DUPLICATE
https://vancitytires.com/financing/,/financing/,301,DUPLICATE
https://vancitytires.com/terms/,/terms/,301,DUPLICATE
https://vancitytires.com/privacy-policy/,/privacy/,301,
https://vancitytires.com/about-us/,/about/,301,DUPLICATE
https://vancitytires.com/tire-buying-guide/,/tires/buying-guide/,301,
https://vancitytires.com/tire-protection-plan/,/tires/protection-plan/,301,
https://vancitytires.com/?page_id=2789,-,410,"THEME DEMO CONTENT - do not redirect, serve 410 Gone"
https://vancitytires.com/2015/01/12/self-hosted-video-post-2-2/,-,410,"THEME DEMO CONTENT - do not redirect, serve 410 Gone"
https://vancitytires.com/2015/01/15/fusce-pretium-nisi-purus-2/,-,410,"THEME DEMO CONTENT - do not redirect, serve 410 Gone"
https://vancitytires.com/2015/01/16/fusce-pretium-nisi-purus/,-,410,"THEME DEMO CONTENT - do not redirect, serve 410 Gone"
https://vancitytires.com/2015/01/18/proin-pulvinar-viverra-dictum/,-,410,"THEME DEMO CONTENT - do not redirect, serve 410 Gone"
https://vancitytires.com/2015/01/19/nullam-eget-mauris-quis-sem-laoreet/,-,410,"THEME DEMO CONTENT - do not redirect, serve 410 Gone"
https://vancitytires.com/2015/02/18/standart-post-2/,-,410,"THEME DEMO CONTENT - do not redirect, serve 410 Gone"
https://vancitytires.com/2015/02/19/gallery-post-type/,-,410,"THEME DEMO CONTENT - do not redirect, serve 410 Gone"
https://vancitytires.com/2015/02/19/gallery-post-type-2/,-,410,"THEME DEMO CONTENT - do not redirect, serve 410 Gone"
https://vancitytires.com/2015/02/19/self-hosted-video-post/,-,410,"THEME DEMO CONTENT - do not redirect, serve 410 Gone"
https://vancitytires.com/2015/02/19/self-hosted-video-post-2/,-,410,"THEME DEMO CONTENT - do not redirect, serve 410 Gone"
https://vancitytires.com/2015/02/19/audio-post/,-,410,"THEME DEMO CONTENT - do not redirect, serve 410 Gone"
https://vancitytires.com/2015/02/19/standard-post/,-,410,"THEME DEMO CONTENT - do not redirect, serve 410 Gone"
https://vancitytires.com/2026/04/28/hello-world/,-,410,"THEME DEMO CONTENT - do not redirect, serve 410 Gone"
https://vancitytires.com/shop-2/,-,410,"THEME DEMO CONTENT - do not redirect, serve 410 Gone"
https://vancitytires.com/product/elegant-sunglasses/,-,410,"THEME DEMO CONTENT - do not redirect, serve 410 Gone"
https://vancitytires.com/product/lether-jewellery-box/,-,410,"THEME DEMO CONTENT - do not redirect, serve 410 Gone"
https://vancitytires.com/product/brown-stylish-mens-belts/,-,410,"THEME DEMO CONTENT - do not redirect, serve 410 Gone"
https://vancitytires.com/product/traditional-white-hat/,-,410,"THEME DEMO CONTENT - do not redirect, serve 410 Gone"
https://vancitytires.com/product/wool-beanie-hat/,-,410,"THEME DEMO CONTENT - do not redirect, serve 410 Gone"
https://vancitytires.com/product/female-soft-bag/,-,410,"THEME DEMO CONTENT - do not redirect, serve 410 Gone"
https://vancitytires.com/product/brown-winter-boots/,-,410,"THEME DEMO CONTENT - do not redirect, serve 410 Gone"
https://vancitytires.com/product/mans-watch/,-,410,"THEME DEMO CONTENT - do not redirect, serve 410 Gone"
https://vancitytires.com/product/polar-fleece-sweater/,-,410,"THEME DEMO CONTENT - do not redirect, serve 410 Gone"
https://vancitytires.com/project-details/self-hosted-audio/,-,410,"THEME DEMO CONTENT - do not redirect, serve 410 Gone"
https://vancitytires.com/project-details/external-video-sample/,-,410,"THEME DEMO CONTENT - do not redirect, serve 410 Gone"
https://vancitytires.com/project-details/self-hosted-video/,-,410,"THEME DEMO CONTENT - do not redirect, serve 410 Gone"
https://vancitytires.com/project-details/portfolio-with-photo-gallery/,-,410,"THEME DEMO CONTENT - do not redirect, serve 410 Gone"
https://vancitytires.com/project-details/portfolio-item-with-slideshow/,-,410,"THEME DEMO CONTENT - do not redirect, serve 410 Gone"
https://vancitytires.com/project-details/portfolio-item-with-slideshow-2/,-,410,"THEME DEMO CONTENT - do not redirect, serve 410 Gone"
https://vancitytires.com/project-details/portfolio-item-with-custom-layout/,-,410,"THEME DEMO CONTENT - do not redirect, serve 410 Gone"
https://vancitytires.com/project-details/portfolio-item-with-custom-layout-2/,-,410,"THEME DEMO CONTENT - do not redirect, serve 410 Gone"
https://vancitytires.com/project-details/portfolio-item-with-custom-layout-3/,-,410,"THEME DEMO CONTENT - do not redirect, serve 410 Gone"
https://vancitytires.com/product-details/product-with-all-elements/,-,410,"THEME DEMO CONTENT - do not redirect, serve 410 Gone"
https://vancitytires.com/product-details/product-with-horizontal-tabs/,-,410,"THEME DEMO CONTENT - do not redirect, serve 410 Gone"
https://vancitytires.com/product-details/product-with-vertical-tabs/,-,410,"THEME DEMO CONTENT - do not redirect, serve 410 Gone"
https://vancitytires.com/product-details/product-with-right-vertical-tabs/,-,410,"THEME DEMO CONTENT - do not redirect, serve 410 Gone"
https://vancitytires.com/product-details/product-with-accordion-contents/,-,410,"THEME DEMO CONTENT - do not redirect, serve 410 Gone"
https://vancitytires.com/product-details/product-with-custom-layout/,-,410,"THEME DEMO CONTENT - do not redirect, serve 410 Gone"
https://vancitytires.com/product-details/product-without-tabs/,-,410,"THEME DEMO CONTENT - do not redirect, serve 410 Gone"
https://vancitytires.com/product-details/product-with-vertical-tabs-2/,-,410,"THEME DEMO CONTENT - do not redirect, serve 410 Gone"
https://vancitytires.com/product-details/product-with-accordion-contents-2/,-,410,"THEME DEMO CONTENT - do not redirect, serve 410 Gone"
https://vancitytires.com/team/jane-doe/,-,410,"THEME DEMO CONTENT - do not redirect, serve 410 Gone"
https://vancitytires.com/team/john-doe/,-,410,"THEME DEMO CONTENT - do not redirect, serve 410 Gone"
https://vancitytires.com/team/donna-doe/,-,410,"THEME DEMO CONTENT - do not redirect, serve 410 Gone"
https://vancitytires.com/team/harry-hoe/,-,410,"THEME DEMO CONTENT - do not redirect, serve 410 Gone"
https://vancitytires.com/team/frank-foe/,-,410,"THEME DEMO CONTENT - do not redirect, serve 410 Gone"
https://vancitytires.com/team/paula-poe/,-,410,"THEME DEMO CONTENT - do not redirect, serve 410 Gone"
